{"_step":10,"_wandb":{"runtime":12},"_runtime":12,"loss":0.9212387800216675,"iter":100,"_timestamp":1.763538594417224e+09}